Rk,School,Tourney Wins,W,L,W-L%,"SRS
â–¼",SOS,W,L,W,L,W,L,Tm.,Opp.,MP,FG,FGA,FG%,3P,3PA,3P%,FT,FTA,FT%,ORB,TRB,AST,STL,BLK,TOV,PF
1,Gonzaga NCAA,3,33,4,0.892,27.79,5.01,16,0,17,0,9,1,3243,2400,1480,1177,2239,0.526,287,790,0.363,602,791,0.761,354,1443,668,278,204,394,603
2,Duke NCAA,3,32,6,0.842,26.9,11.98,14,4,15,2,7,2,3143,2576,1525,1157,2418,0.478,278,903,0.308,551,803,0.686,495,1567,606,346,257,488,595
3,Virginia NCAA,6,35,3,0.921,25.46,10.15,16,2,15,1,10,1,2714,2132,1535,974,2056,0.474,321,813,0.395,445,598,0.744,342,1326,544,211,149,342,542
4,Michigan State NCAA,4,32,7,0.821,24.93,12.34,16,4,15,1,8,4,3025,2534,1570,1071,2230,0.48,319,844,0.378,564,749,0.753,414,1579,715,201,205,493,647
5,North Carolina NCAA,2,29,7,0.806,23.94,11.35,16,2,14,2,11,1,3089,2636,1445,1118,2410,0.464,312,862,0.362,541,728,0.743,477,1589,678,252,120,473,611
6,Texas Tech NCAA,5,31,7,0.816,22.79,9.53,14,4,17,1,6,3,2765,2261,1530,990,2110,0.469,277,759,0.365,508,694,0.732,315,1297,518,278,186,457,663
7,Michigan NCAA,2,30,7,0.811,21.82,10.55,15,5,17,1,7,4,2575,2158,1480,941,2102,0.448,287,839,0.342,406,579,0.701,299,1307,512,225,149,334,514
8,Tennessee NCAA,2,31,6,0.838,21.55,10.16,15,3,18,0,7,3,3035,2580,1505,1106,2231,0.496,262,714,0.367,561,744,0.754,379,1391,660,221,199,412,654
9,Kentucky NCAA,3,30,7,0.811,21.43,10.29,15,3,17,1,8,2,2806,2394,1490,978,2050,0.477,215,607,0.354,635,859,0.739,427,1428,501,220,176,466,600
10,Purdue NCAA,3,26,10,0.722,21.4,11.99,16,4,15,0,6,6,2760,2421,1460,967,2145,0.451,365,977,0.374,461,641,0.719,421,1341,518,220,143,381,625
11,Auburn NCAA,4,30,10,0.75,20.84,10.92,11,7,15,2,4,6,3188,2750,1615,1097,2439,0.45,454,1204,0.377,540,760,0.711,457,1369,572,369,190,466,731
12,Virginia Tech NCAA,2,26,9,0.743,19.28,7.79,12,6,14,2,5,5,2574,2172,1410,893,1900,0.47,327,831,0.394,461,606,0.761,310,1142,531,236,78,392,532
13,Houston NCAA,2,33,4,0.892,18.91,4.61,16,2,19,1,10,1,2787,2258,1480,982,2203,0.446,333,939,0.355,490,697,0.703,448,1502,548,240,161,410,705
14,Kansas NCAA,1,26,10,0.722,18.35,12.79,12,6,16,0,3,8,2725,2525,1455,989,2128,0.465,260,743,0.35,487,691,0.705,374,1376,478,243,139,472,610
15,Iowa State NCAA,0,23,12,0.657,18.07,9.3,9,9,12,4,5,6,2692,2385,1400,974,2047,0.476,294,811,0.363,450,615,0.732,327,1230,527,247,160,379,517
16,Florida State NCAA,2,29,8,0.784,17.99,10.26,13,5,15,1,6,4,2771,2485,1500,960,2171,0.442,272,819,0.332,579,778,0.744,418,1391,475,266,161,492,705
17,Wisconsin NCAA,0,23,11,0.676,17.9,11.01,14,6,12,3,8,5,2333,2099,1385,874,1945,0.449,241,672,0.359,344,531,0.648,283,1197,430,177,140,327,511
18,Louisville NCAA,0,20,14,0.588,17.28,11.04,10,8,14,4,5,6,2536,2324,1380,854,1967,0.434,294,860,0.342,534,687,0.777,345,1297,458,149,99,412,591
19,Louisiana State NCAA,2,28,7,0.8,16.5,9.16,16,2,15,2,9,1,2815,2558,1435,988,2162,0.457,236,740,0.319,603,802,0.752,460,1355,452,308,148,452,634
20,Texas,99,21,16,0.568,16.06,11.46,8,10,15,6,2,8,2628,2458,1495,929,2146,0.433,325,934,0.348,445,637,0.699,358,1264,486,227,152,401,627
21,Maryland NCAA,1,23,11,0.676,16.01,10.09,13,7,15,3,6,5,2429,2228,1360,858,1909,0.449,247,707,0.349,466,627,0.743,378,1336,447,148,163,437,526
22,Nevada NCAA,0,29,5,0.853,16,2.68,15,3,15,0,9,3,2723,2270,1360,924,1999,0.462,297,855,0.347,578,816,0.708,325,1274,498,211,134,352,584
23,Mississippi State NCAA,0,23,11,0.676,15.96,9.07,10,8,14,3,5,5,2628,2394,1370,936,1982,0.472,292,774,0.377,464,647,0.717,393,1215,481,274,172,451,586
24,Buffalo NCAA,1,32,4,0.889,15.56,2.62,16,2,14,0,12,3,3037,2550,1445,1083,2344,0.462,344,1022,0.337,527,767,0.687,452,1470,599,263,140,433,659
25,Florida NCAA,1,20,16,0.556,15.42,11.22,9,9,9,6,5,6,2440,2289,1455,857,2015,0.425,291,872,0.334,435,603,0.721,375,1201,437,257,131,420,614
26,Kansas State NCAA,0,25,9,0.735,15.39,9.18,14,4,13,2,7,5,2236,2025,1360,806,1878,0.429,241,721,0.334,383,574,0.667,325,1137,464,256,76,385,550
27,Oklahoma NCAA,1,20,14,0.588,15.3,12.21,7,11,11,4,5,7,2423,2318,1365,883,1975,0.447,226,654,0.346,431,618,0.697,305,1263,430,203,102,401,527
28,North Carolina State,99,24,12,0.667,14.94,6.22,9,9,17,5,4,6,2882,2568,1450,1061,2319,0.458,292,830,0.352,468,661,0.708,486,1390,539,257,138,449,691
29,Nebraska,99,19,17,0.528,14.85,11.31,6,14,13,5,2,10,2586,2421,1445,916,2133,0.429,270,800,0.338,484,694,0.697,379,1278,466,260,151,345,580
30,Marquette NCAA,0,24,10,0.706,14.78,6.96,12,6,16,3,6,4,2629,2363,1375,893,1969,0.454,319,822,0.388,524,692,0.757,331,1292,456,168,145,467,635
31,Cincinnati NCAA,0,28,7,0.8,14.53,5.5,14,4,16,2,7,4,2510,2194,1410,872,2018,0.432,232,673,0.345,534,758,0.704,442,1264,466,214,155,365,563
32,Villanova NCAA,1,26,10,0.722,14.33,7.97,13,5,13,2,5,6,2654,2425,1455,884,2019,0.438,380,1081,0.352,506,695,0.728,368,1253,503,194,106,388,580
33,Iowa NCAA,1,23,12,0.657,14.27,9.84,10,10,14,4,4,6,2740,2585,1415,914,2006,0.456,285,782,0.364,627,849,0.739,357,1246,542,211,112,427,565
34,Oregon NCAA,2,25,13,0.658,13.95,6.13,10,8,13,4,5,7,2661,2364,1530,958,2126,0.451,295,840,0.351,450,624,0.721,361,1307,501,290,162,442,665
35,Wofford NCAA,1,30,5,0.857,13.92,0.8,18,0,15,1,11,3,2879,2295,1410,1044,2132,0.49,385,929,0.414,406,577,0.704,365,1232,528,233,105,377,589
36,Ohio State NCAA,1,20,15,0.571,13.89,11,8,12,12,6,4,7,2419,2318,1405,839,1931,0.434,264,774,0.341,477,650,0.734,328,1215,494,206,85,438,623
37,Clemson,99,20,14,0.588,13.85,8.99,9,9,14,5,4,6,2339,2174,1360,833,1857,0.449,217,661,0.328,456,623,0.732,309,1204,410,223,154,450,552
38,Indiana,99,19,16,0.543,13.82,10.1,8,12,15,6,3,9,2504,2374,1420,919,2009,0.457,211,676,0.312,455,695,0.655,341,1272,469,226,154,433,596
39,Texas Christian,99,23,14,0.622,13.81,9.6,7,11,15,5,3,7,2730,2574,1500,990,2168,0.457,281,813,0.346,469,688,0.682,395,1347,598,255,162,499,586
40,Syracuse NCAA,0,20,14,0.588,13.73,10.09,10,8,13,6,6,4,2370,2246,1365,808,1907,0.424,274,824,0.333,480,701,0.685,363,1174,408,278,162,423,588
41,Baylor NCAA,1,20,14,0.588,13.38,9.26,10,8,13,5,5,6,2442,2302,1365,869,1966,0.442,274,803,0.341,430,635,0.677,450,1281,473,209,159,446,636
42,Central Florida NCAA,99,24,9,0.727,13.37,5.58,13,5,15,2,5,5,2385,2128,1325,819,1763,0.465,229,628,0.365,518,798,0.649,315,1215,439,189,150,393,554
43,Saint Mary's (CA) NCAA,0,22,12,0.647,12.58,4.4,11,5,14,3,5,5,2463,2185,1365,899,1905,0.472,253,670,0.378,412,555,0.742,329,1180,341,201,87,355,572
44,Penn State,99,14,18,0.438,12.55,11.51,7,13,9,6,3,9,2229,2196,1295,791,1898,0.417,222,693,0.32,425,613,0.693,382,1174,389,245,122,399,597
45,Minnesota NCAA,1,22,14,0.611,12.52,11.27,9,11,14,3,2,9,2543,2498,1445,887,2039,0.435,191,603,0.317,578,848,0.682,402,1314,523,175,140,418,578
46,Mississippi NCAA,0,20,13,0.606,12.32,8.13,10,8,11,5,6,5,2485,2347,1325,876,1906,0.46,272,760,0.358,461,589,0.783,322,1128,475,235,118,416,603
47,Washington NCAA,99,27,9,0.75,12.01,7.01,15,3,15,1,7,4,2511,2331,1445,883,1956,0.451,273,780,0.35,472,679,0.695,334,1129,419,323,206,479,653
48,Creighton,99,20,15,0.571,12,8.59,9,9,13,6,4,8,2727,2561,1420,980,2044,0.479,372,961,0.387,395,582,0.679,288,1196,561,237,92,464,580
49,Utah State NCAA,99,28,7,0.8,11.98,0.89,15,3,14,1,9,4,2753,2349,1410,959,2038,0.471,274,772,0.355,559,747,0.748,377,1405,598,215,147,449,649
50,Virginia Commonwealth NCAA,0,25,8,0.758,11.96,2.87,16,2,16,1,8,4,2344,2044,1330,820,1872,0.438,235,771,0.305,469,669,0.701,358,1208,450,263,148,458,650
51,Arkansas,99,18,16,0.529,11.75,8.78,8,10,12,6,5,8,2559,2458,1370,893,2004,0.446,259,751,0.345,514,769,0.668,345,1152,543,276,172,450,693
52,Memphis,99,22,14,0.611,10.7,5.09,11,7,17,2,3,8,2882,2680,1450,1013,2238,0.453,260,807,0.322,596,835,0.714,436,1358,553,288,144,538,739
53,Arizona State NCAA,0,23,11,0.676,10.28,6.04,12,6,13,3,6,5,2638,2494,1380,899,2012,0.447,240,714,0.336,600,882,0.68,399,1351,459,213,109,466,675
54,Seton Hall NCAA,0,20,14,0.588,10.25,8.34,9,9,11,4,3,8,2508,2443,1375,888,2021,0.439,240,741,0.324,492,697,0.706,361,1213,459,235,132,423,638
55,New Mexico State NCAA,0,30,5,0.857,10.05,-2.38,15,1,16,1,10,1,2734,2259,1405,962,2092,0.46,326,977,0.334,484,714,0.678,445,1343,514,197,91,419,632
56,Northwestern,99,13,19,0.406,9.97,9.16,4,16,10,8,1,9,2108,2082,1290,735,1827,0.402,233,744,0.313,405,551,0.735,278,1086,451,176,134,349,583
57,Colorado,99,23,13,0.639,9.68,3.6,10,8,15,2,5,9,2648,2429,1445,924,2036,0.454,230,711,0.323,570,757,0.753,363,1352,478,181,107,479,616
58,Dayton,99,21,12,0.636,9.67,2.91,13,5,13,4,7,4,2406,2183,1335,902,1789,0.504,205,617,0.332,397,575,0.69,261,1145,541,164,81,414,463
59,Xavier,99,19,16,0.543,9.61,8.06,9,9,13,5,4,8,2526,2472,1420,922,1977,0.466,245,740,0.331,437,644,0.679,371,1281,519,190,128,450,550
60,Alabama,99,18,16,0.529,9.45,9.01,8,10,10,6,4,8,2448,2433,1365,856,1945,0.44,244,718,0.34,492,739,0.666,384,1285,418,157,160,465,572
61,Miami (FL),99,14,18,0.438,9.39,8.7,5,13,11,5,0,10,2297,2275,1285,805,1851,0.435,268,805,0.333,419,570,0.735,291,1061,413,212,100,372,465
62,Butler,99,16,17,0.485,9.22,8.1,7,11,12,4,2,10,2374,2337,1330,861,1934,0.445,292,827,0.353,360,488,0.738,288,1058,434,193,62,359,593
63,Lipscomb,99,29,8,0.784,9.21,-1.2,14,2,14,3,14,4,3076,2597,1480,1071,2230,0.48,327,876,0.373,607,801,0.758,329,1378,654,268,108,489,633
64,Belmont NCAA,0,27,6,0.818,9.12,-2.6,16,2,13,1,12,3,2868,2439,1330,1042,2094,0.498,343,922,0.372,441,598,0.737,286,1275,645,220,125,376,509
65,Fresno State,99,23,9,0.719,8.99,0.67,13,5,13,4,7,3,2448,2162,1285,847,1866,0.454,342,897,0.381,412,572,0.72,300,1137,457,228,111,400,592
66,Murray State NCAA,1,28,5,0.848,8.96,-3.11,16,2,15,1,10,3,2727,2255,1320,988,2007,0.492,258,731,0.353,493,673,0.733,351,1247,591,249,149,401,527
67,Illinois,99,12,21,0.364,8.95,11.53,7,13,9,6,1,9,2398,2483,1335,862,2001,0.431,259,751,0.345,415,591,0.702,351,1091,446,245,86,435,700
68,Rutgers,99,14,17,0.452,8.89,9.76,7,13,10,7,4,9,2105,2132,1250,771,1842,0.419,191,612,0.312,372,584,0.637,391,1210,390,201,124,408,566
69,Missouri,99,15,17,0.469,8.6,9.16,5,13,9,7,2,8,2150,2168,1290,758,1764,0.43,264,727,0.363,370,526,0.703,345,1130,354,149,53,448,625
70,San Francisco,99,21,10,0.677,8.56,1.13,9,7,13,3,6,5,2358,2101,1250,864,1851,0.467,258,727,0.355,372,568,0.655,340,1138,439,188,105,321,543
71,South Carolina,99,16,16,0.5,8.34,9.63,11,7,11,6,4,8,2327,2316,1285,806,1907,0.423,242,662,0.366,473,694,0.682,383,1160,413,202,140,433,623
72,Arizona,99,17,15,0.531,8.32,6.32,8,10,12,5,4,7,2269,2205,1290,794,1861,0.427,235,699,0.336,446,620,0.719,324,1115,398,165,73,370,594
73,Providence,99,18,16,0.529,8.29,6.71,7,11,11,7,5,6,2428,2374,1385,835,1973,0.423,225,690,0.326,533,771,0.691,399,1241,491,253,136,445,600
74,Southern California,99,16,17,0.485,8.23,4.96,8,10,12,5,2,9,2518,2410,1340,937,2039,0.46,281,735,0.382,363,563,0.645,324,1188,536,202,117,392,590
75,Toledo,99,25,8,0.758,8.21,0.71,13,5,14,2,8,5,2537,2256,1330,901,1990,0.453,325,859,0.378,410,531,0.772,327,1281,538,170,152,402,517
76,Temple NCAA,99,23,10,0.697,8.17,4.93,13,5,13,2,8,5,2465,2358,1340,873,1998,0.437,247,748,0.33,472,649,0.727,316,1136,476,284,73,368,581
77,Oklahoma State,99,12,20,0.375,8.09,11.53,5,13,8,7,2,10,2178,2288,1285,760,1796,0.423,280,753,0.372,378,549,0.689,295,1093,422,183,139,386,516
78,Notre Dame,99,14,19,0.424,7.97,8.28,3,15,11,8,1,9,2266,2276,1320,776,1973,0.393,272,863,0.315,442,594,0.744,370,1208,423,179,148,306,455
79,Pittsburgh,99,14,19,0.424,7.88,6.69,3,15,11,7,0,11,2306,2267,1330,769,1841,0.418,225,680,0.331,543,779,0.697,383,1211,387,227,126,448,611
80,St. John's (NY) NCAA,99,21,13,0.618,7.88,5.5,8,10,11,4,4,7,2623,2542,1375,944,2100,0.45,289,809,0.357,446,620,0.719,264,1120,472,302,111,357,650
81,Oregon State,99,18,13,0.581,7.84,4.29,10,8,10,5,6,5,2275,2165,1250,800,1728,0.463,203,633,0.321,472,636,0.742,310,1091,465,185,164,384,536
82,Wichita State,99,22,15,0.595,7.72,5.91,10,8,10,4,7,7,2609,2542,1485,929,2277,0.408,276,890,0.31,475,655,0.725,452,1417,499,174,135,446,705
83,Furman,99,25,8,0.758,7.46,-1.5,13,5,13,3,11,4,2562,2182,1340,930,1962,0.474,338,935,0.361,364,508,0.717,326,1171,524,288,137,407,481
84,Texas A&M,99,14,18,0.438,7.21,8.59,6,12,9,8,3,7,2253,2297,1280,806,1842,0.438,204,663,0.308,437,631,0.693,372,1195,376,215,142,444,521
85,UCLA,99,17,16,0.515,7.17,6.78,9,9,13,5,3,7,2580,2567,1335,919,2012,0.457,256,721,0.355,486,768,0.633,380,1361,472,194,136,467,563
86,West Virginia,99,15,21,0.417,6.94,10.57,4,14,11,7,0,10,2655,2786,1460,901,2181,0.413,269,852,0.316,584,849,0.688,519,1425,488,223,126,557,707
87,Georgia Tech,99,14,18,0.438,6.93,8.15,6,12,11,7,3,9,2091,2130,1285,755,1714,0.44,176,573,0.307,405,588,0.689,262,1074,433,221,166,459,560
88,Connecticut,99,16,17,0.485,6.81,4.32,6,12,13,5,1,8,2436,2354,1325,874,1959,0.446,252,732,0.344,436,641,0.68,380,1167,422,200,145,427,643
89,Georgetown,99,19,14,0.576,6.8,5.31,9,9,13,6,5,6,2625,2576,1355,894,2017,0.443,269,757,0.355,568,771,0.737,350,1299,542,198,131,443,581
90,Davidson,99,24,10,0.706,6.38,1.96,14,4,14,2,7,5,2409,2229,1365,852,1893,0.45,312,882,0.354,393,525,0.749,264,1185,499,175,82,378,539
91,Brigham Young,99,19,13,0.594,6.15,3.31,11,5,13,3,5,8,2527,2436,1295,878,1878,0.468,226,684,0.33,545,750,0.727,263,1118,482,203,107,354,625
92,Utah,99,17,14,0.548,6.13,5.1,11,7,10,5,6,5,2343,2311,1245,805,1735,0.464,298,806,0.37,435,616,0.706,317,1096,440,144,80,409,548
93,San Diego,99,21,15,0.583,6.12,3.61,7,9,12,4,5,9,2591,2455,1460,914,2002,0.457,284,808,0.351,479,641,0.747,290,1238,516,204,112,466,667
94,Stanford,99,15,16,0.484,6.03,5.13,8,10,10,4,4,9,2255,2227,1245,808,1783,0.453,207,653,0.317,432,643,0.672,322,1147,392,186,147,467,586
95,DePaul,99,19,17,0.528,6,4.05,7,11,16,7,3,9,2821,2751,1450,1009,2143,0.471,241,703,0.343,562,773,0.727,396,1347,513,227,117,488,630
96,South Florida,99,24,14,0.632,5.96,1.69,8,10,18,5,5,7,2752,2553,1555,911,2120,0.43,272,819,0.332,658,1018,0.646,496,1483,521,306,124,604,790
97,South Dakota State,99,24,9,0.727,5.92,-4.74,14,2,14,1,7,6,2789,2425,1320,984,1965,0.501,327,802,0.408,494,635,0.778,251,1259,489,202,65,388,557
98,Boston College,99,14,17,0.452,5.83,7.76,5,13,10,8,2,8,2196,2256,1260,768,1808,0.425,218,687,0.317,442,633,0.698,331,1139,382,159,103,378,509
99,Southern Methodist,99,15,17,0.469,5.81,4.12,6,12,10,8,3,7,2303,2249,1280,833,1884,0.442,263,772,0.341,374,523,0.715,365,1135,441,189,123,350,515
100,UC-Irvine NCAA,1,31,6,0.838,5.7,-2.3,15,1,12,2,13,2,2675,2353,1500,987,2159,0.457,252,701,0.359,449,640,0.702,429,1471,479,210,153,441,673
101,Yale NCAA,0,22,8,0.733,5.52,-1.24,10,4,11,2,8,5,2427,2202,1215,893,1812,0.493,230,634,0.363,411,557,0.738,259,1157,503,177,131,392,510
102,Georgia,99,11,21,0.344,5.31,8.12,2,16,8,9,2,9,2274,2364,1280,776,1761,0.441,210,653,0.322,512,726,0.705,357,1215,423,185,163,506,565
103,San Diego State,99,21,13,0.618,5.29,2.47,11,7,14,3,4,7,2437,2291,1360,845,1940,0.436,261,721,0.362,486,679,0.716,346,1228,487,197,113,424,638
104,Liberty NCAA,1,29,7,0.806,5.27,-3.88,14,2,16,1,11,3,2654,2209,1440,963,1977,0.487,322,873,0.369,406,524,0.775,270,1174,532,223,96,395,543
105,East Tennessee State,99,24,10,0.706,5.21,-1.79,13,5,13,3,8,6,2707,2371,1375,1004,2067,0.486,274,758,0.361,425,634,0.67,442,1351,534,252,135,483,603
106,Saint Louis NCAA,99,23,13,0.639,5.06,2.23,10,8,15,2,4,8,2399,2297,1440,855,2052,0.417,205,675,0.304,484,809,0.598,492,1428,460,254,145,464,634
107,Vermont NCAA,99,27,7,0.794,4.88,-4.18,14,2,16,2,11,4,2508,2143,1370,864,1887,0.458,273,761,0.359,507,678,0.748,304,1194,399,188,136,377,568
108,Akron,99,17,16,0.515,4.86,1.09,8,10,14,3,1,10,2271,2107,1325,797,1948,0.409,297,929,0.32,380,539,0.705,312,1204,399,185,106,388,569
109,Hofstra,99,27,8,0.771,4.68,-4.53,15,3,15,1,10,6,2919,2553,1440,998,2055,0.486,308,800,0.385,615,767,0.802,305,1170,492,228,122,342,526
110,Northern Kentucky NCAA,99,26,9,0.743,4.67,-2.39,13,5,17,1,7,7,2747,2410,1410,979,2047,0.478,306,844,0.363,483,725,0.666,364,1298,592,218,139,441,664
111,Tulsa,99,18,14,0.563,4.65,3.86,8,10,14,3,3,8,2296,2271,1290,776,1732,0.448,222,652,0.34,522,751,0.695,239,1119,430,176,76,404,529
112,Bowling Green State,99,22,12,0.647,4.24,0.86,12,6,14,2,5,8,2668,2496,1370,945,2134,0.443,272,762,0.357,506,755,0.67,408,1396,427,227,90,412,596
113,North Carolina-Greensboro,99,29,7,0.806,4.08,-0.9,15,3,15,2,11,4,2738,2443,1445,997,2184,0.457,280,818,0.342,464,666,0.697,399,1251,453,315,140,423,631
114,Loyola (IL),99,20,14,0.588,3.99,-0.16,12,6,13,4,5,7,2231,2066,1360,831,1687,0.493,206,563,0.366,363,545,0.666,190,1013,468,220,78,407,471
115,Northeastern NCAA,99,23,11,0.676,3.95,-0.7,14,4,11,2,8,6,2564,2406,1385,880,1848,0.476,328,858,0.382,476,634,0.751,237,1075,480,211,74,381,539
116,Grand Canyon,99,20,14,0.588,3.85,-1.49,10,6,12,2,5,8,2560,2353,1370,907,2006,0.452,257,777,0.331,487,666,0.731,350,1238,478,207,75,411,598
117,Georgia Southern,99,21,12,0.636,3.75,0.13,12,6,10,4,7,7,2726,2489,1330,1012,2028,0.499,204,632,0.323,498,720,0.692,320,1190,403,255,132,451,590
118,Old Dominion NCAA,99,26,9,0.743,3.74,-1.18,13,5,14,2,8,4,2300,2128,1400,823,2026,0.406,264,756,0.349,388,585,0.663,418,1365,439,197,160,408,580
119,Boise State,99,13,20,0.394,3.61,1.08,7,11,8,7,3,10,2364,2263,1330,845,1801,0.469,252,715,0.352,422,584,0.723,242,1016,398,200,68,379,570
120,Vanderbilt,99,9,23,0.281,3.57,7.79,0,18,8,10,1,10,2180,2315,1285,736,1750,0.421,230,739,0.311,478,710,0.673,325,1139,371,154,126,454,568
121,Ball State,99,16,17,0.485,3.39,1.21,6,12,7,7,8,7,2478,2362,1340,889,1892,0.47,202,621,0.325,498,709,0.702,308,1243,426,217,118,480,579
122,St. Bonaventure,99,18,16,0.529,3.34,0.25,12,6,9,5,6,7,2250,2145,1385,821,1914,0.429,208,635,0.328,400,539,0.742,333,1183,417,199,164,421,553
123,Wright State,99,21,14,0.6,3.29,-0.89,13,5,15,2,5,8,2561,2365,1405,885,2028,0.436,281,818,0.344,510,692,0.737,382,1229,484,214,72,402,545
124,Western Kentucky,99,20,14,0.588,3.14,0.96,11,7,10,4,6,8,2429,2355,1380,853,1910,0.447,199,608,0.327,524,724,0.724,338,1256,417,235,174,466,528
125,Utah Valley,99,25,10,0.714,3,-2.3,12,4,14,1,8,8,2697,2474,1400,930,1929,0.482,283,740,0.382,554,764,0.725,318,1271,484,201,89,487,612
126,Loyola Marymount,99,22,12,0.647,2.93,0.9,8,8,12,4,8,7,2278,2125,1360,817,1800,0.454,163,510,0.32,481,645,0.746,314,1098,460,250,102,425,602
127,Rhode Island,99,18,15,0.545,2.83,1.19,9,9,9,5,5,7,2293,2239,1335,821,1914,0.429,172,615,0.28,479,704,0.68,375,1194,401,235,129,405,582
128,Central Michigan,99,23,12,0.657,2.79,-0.34,10,8,13,4,7,6,2896,2690,1425,991,2177,0.455,305,822,0.371,609,908,0.671,419,1321,467,267,107,425,593
129,Northern Illinois,99,17,17,0.5,2.58,1.11,8,10,10,6,5,9,2506,2413,1375,940,1995,0.471,229,642,0.357,397,543,0.731,304,1179,374,188,75,404,653
130,Southern Mississippi,99,20,13,0.606,2.58,-0.83,11,7,11,3,7,7,2392,2160,1330,899,1929,0.466,275,712,0.386,321,489,0.656,274,1178,553,253,110,345,507
131,Drake,99,24,10,0.706,2.52,-0.66,12,6,13,2,7,6,2563,2387,1385,908,1943,0.467,279,773,0.361,468,618,0.757,279,1214,518,180,130,449,568
132,Georgia State NCAA,99,24,10,0.706,2.44,0.65,13,5,13,1,7,7,2598,2491,1360,903,1968,0.459,330,859,0.384,462,694,0.666,273,1110,415,269,158,391,583
133,College of Charleston,99,24,9,0.727,2.36,-2.95,12,6,13,2,8,5,2453,2265,1330,878,1818,0.483,227,667,0.34,470,615,0.764,260,1060,387,216,76,347,486
134,Pennsylvania,99,19,12,0.613,2.04,-0.76,7,7,10,4,8,5,2250,2117,1265,821,1810,0.454,282,803,0.351,326,511,0.638,270,1101,465,210,76,395,500
135,Harvard,99,19,12,0.613,1.86,0.66,10,4,9,2,8,9,2222,2174,1265,787,1711,0.46,260,722,0.36,388,538,0.721,288,1119,369,174,123,491,554
136,Jacksonville State,99,24,9,0.727,1.59,-5.47,15,3,11,1,10,7,2574,2283,1345,953,2063,0.462,200,634,0.315,468,630,0.743,400,1310,451,245,138,440,553
137,Nevada-Las Vegas,99,17,14,0.548,1.58,0.48,11,7,10,6,6,5,2276,2242,1250,791,1852,0.427,251,745,0.337,443,647,0.685,408,1204,401,184,115,401,556
138,Texas State,99,24,10,0.706,1.54,-3,12,6,11,4,10,5,2470,2204,1370,876,1971,0.444,244,744,0.328,474,694,0.683,409,1291,493,234,84,455,667
139,Montana NCAA,99,26,9,0.743,1.5,-5.05,16,4,12,2,9,5,2665,2397,1405,975,1983,0.492,287,763,0.376,428,621,0.689,293,1176,510,229,106,416,655
140,Southern Illinois,99,17,15,0.531,1.39,-0.17,10,8,9,6,7,7,2194,2144,1280,802,1720,0.466,213,570,0.374,377,550,0.685,289,1081,438,212,129,447,474
141,Radford,99,22,11,0.667,1.28,-1.95,12,4,11,3,9,7,2440,2247,1330,893,1938,0.461,285,751,0.379,369,515,0.717,335,1170,467,196,101,358,528
142,Kent State,99,22,11,0.667,1.26,0.61,11,7,14,3,8,7,2481,2417,1330,878,2032,0.432,261,775,0.337,464,641,0.724,412,1185,430,226,119,378,601
143,Colgate NCAA,0,24,11,0.686,1.23,-3.83,13,5,15,1,9,9,2648,2458,1415,955,1995,0.479,320,815,0.393,418,563,0.742,322,1240,541,213,121,456,547
144,Wake Forest,99,11,20,0.355,1.21,8.47,4,14,8,8,1,10,2119,2344,1250,714,1812,0.394,197,640,0.308,494,681,0.725,399,1174,329,150,77,417,555
145,Louisiana Tech,99,20,13,0.606,0.95,-2.31,9,9,15,1,4,10,2386,2235,1335,840,1928,0.436,253,756,0.335,453,690,0.657,368,1204,440,190,115,386,535
146,Pepperdine,99,16,18,0.471,0.9,0.63,6,10,9,5,2,11,2572,2529,1370,865,1949,0.444,313,819,0.382,529,696,0.76,290,1085,479,229,95,432,639
147,George Mason,99,18,15,0.545,0.84,0.08,11,7,11,6,6,6,2314,2289,1330,825,1855,0.445,210,637,0.33,454,634,0.716,323,1166,399,204,97,428,563
148,Louisiana-Monroe,99,19,16,0.543,0.81,-1.96,9,9,14,3,4,12,2773,2637,1425,922,2029,0.454,353,891,0.396,576,737,0.782,317,1176,498,206,78,398,545
149,Miami (OH),99,15,17,0.469,0.77,2.31,7,11,10,5,4,10,2267,2233,1285,777,1847,0.421,269,832,0.323,444,626,0.709,353,1190,349,194,87,413,581
150,Samford,99,17,16,0.515,0.69,-2.03,6,12,11,6,5,9,2583,2487,1355,921,1951,0.472,254,687,0.37,487,666,0.731,316,1225,461,238,127,463,560
151,Texas-San Antonio,99,17,15,0.531,0.69,0.05,11,7,11,4,5,7,2481,2407,1295,896,2068,0.433,294,855,0.344,395,536,0.737,323,1216,420,213,82,402,581
152,Austin Peay,99,22,11,0.667,0.59,-4.41,13,5,10,2,8,7,2712,2413,1335,973,2060,0.472,268,702,0.382,498,705,0.706,397,1215,454,252,110,392,596
153,Bucknell,99,21,12,0.636,0.59,-2.93,13,5,12,3,7,8,2534,2418,1325,867,1928,0.45,311,885,0.351,489,653,0.749,286,1154,519,173,116,409,627
154,Duquesne,99,19,13,0.594,0.53,-0.63,10,8,14,4,4,6,2351,2314,1295,810,1894,0.428,271,841,0.322,460,663,0.694,379,1133,442,250,151,451,580
155,Eastern Michigan,99,15,17,0.469,0.4,4.43,9,9,11,7,4,10,2203,2213,1295,818,1823,0.449,187,634,0.295,380,604,0.629,400,1155,369,237,143,442,529
156,Alabama-Birmingham,99,20,15,0.571,0.36,-1.52,10,8,11,5,6,6,2470,2370,1410,906,2003,0.452,234,694,0.337,424,630,0.673,367,1279,401,218,82,399,578
157,Bradley NCAA,0,20,15,0.571,-0.08,-0.9,9,9,10,6,5,8,2329,2285,1405,812,1874,0.433,240,653,0.368,465,672,0.692,313,1195,423,186,132,440,617